0,1,2,3,4
547.83905143014,684.3488422381025,241.91235727982635,626.7997534579425,1.0
517.5558377222491,642.0344337798978,229.36889739844162,596.7627299869711,1.0
594.1674801185277,744.7852434642838,262.86738476696996,678.8583199770549,1.0
569.3597943314601,717.1040174485083,300.6321273650571,704.8775344668703,2.0
642.6218883762948,942.7559959217981,369.887297306735,696.164633817722,2.0
554.0454593024452,756.0388067466133,309.11592059067084,648.7750966669653,2.0
562.3458916195771,757.0428034027813,245.81010873581107,586.340712698907,3.0
536.2439700795644,711.4262606847702,236.0214028054466,571.4202422301821,3.0
561.4896422709809,748.4282717011891,242.64066908311838,588.4530987552824,3.0
590.4238842603286,911.6963066830068,291.29632499861174,528.9563641437898,4.0
600.2644259128283,889.9147822298206,283.434398546078,558.4748529805626,4.0
571.8801949072465,846.354622322752,272.6761800468071,536.9897366798989,4.0
328.2375945247946,418.6403611271206,186.13912225400117,421.2978751167316,5.0
323.6620706112778,411.9217987510209,178.17077168818474,408.3721494005392,5.0
322.2026395242385,412.851134273266,182.07908053102187,410.2147023494721,5.0
497.122914493496,622.3043757473216,235.76331392976584,589.143396616058,6.0
489.0519632557558,608.9504609123139,233.13741648141402,584.5940785193824,6.0
501.91352487809024,629.7271703542916,233.19558790596054,585.1490619828131,6.0
604.8093519032896,698.9816902303428,294.36102781238793,771.9219245528758,7.0
616.9633554791577,696.2211768881857,299.825201106424,806.5107796119412,7.0
602.3893499373556,690.6977459945546,296.3853467432271,786.0615880366996,7.0
475.6401605447267,1093.904969663729,421.063985798605,284.35601872260634,8.0
564.5056675809212,1243.938652269582,449.785206585104,313.8141244372164,8.0
563.4174860045929,1224.6119430835417,434.4890989394236,314.2094661557979,8.0
463.052617894649,680.2413545250869,262.66060576340544,501.2440081386162,9.0
461.3455833962794,686.1433038131199,266.16540963304817,493.44961557212986,9.0
432.1300676205521,645.5960591763837,244.03562491183487,453.7094431594373,9.0
505.54978712354847,726.9983427763963,242.72224364104625,500.1536199147461,10.0
536.3202963646678,751.5654450906047,249.38377232056507,542.4208040324978,10.0
484.94225374137596,710.5276358124352,239.79215810709837,474.8900428783249,10.0
389.81633379853645,497.69487344751406,222.7763569961908,491.13020859134025,11.0
359.2203100486173,528.7230327335322,213.63862244061593,392.41869425711855,11.0
384.0033786237117,509.1764406258008,215.5665798474327,463.7049577599823,11.0
299.54174581612693,381.8302656174781,152.87837224249526,358.5905147322265,12.0
312.48137889545586,389.6849589409467,152.75106159969695,372.6224181959438,12.0
299.3273964121755,385.380487338788,144.99384273824023,343.07720334818816,12.0
229.18246358719298,330.12591966152854,117.23840015862011,234.57414093263307,13.0
242.22994696549665,349.74239691722795,121.17478178053013,243.62922612387914,13.0
228.8012569198076,322.7797496971503,111.73495912616909,235.12947627647657,13.0
302.5608365053882,531.8809656312862,199.86725479935322,269.13867418046596,14.0
245.13746275198326,422.39306952342235,160.22503251786083,221.98548107315418,14.0
286.30268920184363,490.9565752740334,188.3465607528143,264.6032831238386,14.0
359.5521420092637,477.85664155405254,180.40519173121288,409.51041093703464,15.0
393.5282685485693,526.5425205224414,196.32662262660483,442.77792594279174,15.0
382.0820029071867,512.0843384993283,190.87703518389563,429.39395524595665,15.0
317.71088869514006,482.24533033586897,177.91159597479768,328.06828592041506,16.0
168.1869754282632,262.2246900047044,105.85367182226827,179.05101780540878,16.0
217.88973866982897,340.6062819187897,133.0446113653677,224.2118191850788,16.0
390.5517794208009,493.5061142202861,208.8809804694287,490.91096145707786,17.0
392.7603520023147,493.0468036411694,211.31800141519878,500.29057736518615,17.0
390.1613604009285,495.5832267800234,211.05854880774064,495.9438633601348,17.0
404.86984485760723,599.7784145367954,221.25020787021924,428.29244607118244,18.0
439.4857624269898,657.3627415439006,242.47009224095694,457.32002570119886,18.0
422.8369654806973,637.4393002785323,236.41741519479058,440.8245659808486,18.0
395.7231973036035,443.26866068861113,199.09821659464873,539.0853538433026,19.0
394.295501491607,449.83427392666346,199.38556968634708,529.8910965457673,19.0
388.0919373277619,430.7092423510186,194.67139301451252,531.8501411990818,19.0
570.8785098125976,941.1926655253786,320.9281318091827,508.7335762200166,20.0
633.2475089918065,1059.2763943540433,370.18161651549053,567.617208523934,20.0
549.3387743908696,879.7776187236051,295.36965745791775,497.6902531504604,20.0
450.2107904008336,734.7003936548779,276.0351675391507,431.4135044487522,21.0
440.67061514198144,716.1484668177953,267.04516793349154,422.45787866737874,21.0
449.88451346362706,723.3960833291911,263.1851722514495,423.82183287481735,21.0
525.2382613732151,718.2804884012372,280.99220721680337,601.8383251198629,22.0
507.1783731650153,699.0058776268793,273.4474335486974,579.9887052662863,22.0
564.6182030917774,789.6735352066912,306.9290326858838,636.9805772994971,22.0
607.3365417138087,760.959865015192,293.27260269775286,721.2148565778455,23.0
609.2242466577294,783.222801100099,293.0995789447986,704.7534928531326,23.0
591.1949137719076,757.65660737442,286.54993660943927,685.6867185459033,23.0
382.0001659625648,433.5064396839457,183.56227585700796,498.4511740630363,24.0
353.0122979130169,399.79522515346525,179.4112772337953,473.0108912545598,24.0
374.3322020427655,442.1318458995162,177.8957239681643,469.08549363948833,24.0
479.57434523354596,744.7747618542132,263.842971460143,464.62915685075524,25.0
456.2610489229284,646.5613851097135,239.69550537250254,488.36995488960093,25.0
481.64342471376307,698.1316351092235,254.00158122274848,500.6116856341473,25.0
408.9599754874703,517.1609152858836,211.3501308676698,500.9697519051474,26.0
439.6669371134514,542.170069462455,205.52931661856903,523.0751635792783,26.0
413.911290042072,533.5655127534645,208.9696669862713,489.53371450480944,26.0
493.71179326502335,605.4978114775132,223.22515544930258,586.6110215661641,27.0
531.0826314802466,682.0811326485104,243.80980249768342,604.5146093854648,27.0
489.1149223580489,640.0703981800561,232.29930560366836,560.5595527346112,27.0
307.4050322881436,386.144617058909,157.6829984940019,381.0009169473614,28.0
309.4791685399766,395.7915619155625,161.92792072323107,378.8786849784252,28.0
300.9909815868874,384.42457507746576,154.25823508795833,366.7773631300755,28.0
509.784844857299,1069.244006508065,469.27192570198537,451.8643726919415,29.0
493.5241080742506,1034.8279395917834,457.27934011572665,444.4076436963896,29.0
438.52361929485113,917.0465300443209,405.68123259350875,395.76006080521955,29.0
570.0028150283204,1045.137736789699,351.5919126982878,400.2448252065147,30.0
554.4163272509167,989.8405693894293,331.8761020265967,412.79421378893574,30.0
580.4682786538112,1058.2397427412923,361.0029555132349,419.2299258789413,30.0
504.35245650466635,663.2915568993742,228.06545652250017,546.5984475948791,31.0
521.1496027464633,743.9036788176352,246.99874045448178,525.1861818681058,31.0
523.6631909356639,770.4091433280624,250.55037669155436,506.47123157498334,31.0
451.64355215722037,478.6886907157385,251.4846301576704,670.6733523030279,32.0
456.58036762730995,482.08982362203153,247.74381981325658,672.0534842564578,32.0
419.3178031369346,448.2849501076305,227.07875602382245,612.9681227040329,32.0
538.5528760042077,652.5975346931332,332.66752125123145,759.0584438473401,33.0
514.9380300940145,618.7141882421363,319.8568797370264,729.0603330394737,33.0
540.235380699282,644.3092025256666,330.1612706846658,768.3620735693676,33.0
414.5739905601931,618.0702969116189,212.72727390499847,406.03757919129947,34.0
410.0308695091075,602.3144470732071,205.22394810535482,405.1764842932132,34.0
412.9395194300793,630.6107132362398,221.7888832886126,402.37629935914623,34.0
512.3023256959318,712.421396554464,264.6721163728556,567.8578732665521,35.0
645.4362477279177,902.3683050463443,335.3413778664068,716.2264430759058,35.0
650.2201854536171,911.488506010093,332.57831444586833,712.6324913588993,35.0
442.2788161447631,617.3004990921793,223.09467897788917,476.23708830508497,36.0
437.9583971214441,578.5352186586915,225.77135195023143,511.8793158542919,36.0
440.1571814385465,603.7148712331151,226.03624343010515,489.70639287216056,36.0
355.6956481227173,424.93607361159155,171.41786339254162,448.884402970024,37.0
335.7636767528838,401.9036797147988,164.55058720568695,429.8254522769287,37.0
351.5145190676117,415.77226605208534,166.2759174844194,443.0209209617411,37.0
509.6149019350785,738.0685343500514,284.18842101658583,557.0942420270263,38.0
473.6974539668026,687.5989263344845,276.19276510851597,530.4350980137153,38.0
494.3076180920379,756.9160511069424,302.5600235937645,533.6879155263351,38.0
426.3042658536608,552.1000445266433,221.94886483606672,513.3403027939073,39.0
430.4448094849212,558.6502613531867,220.31910547656756,511.99457570454916,39.0
439.7976282224586,563.3203305215101,224.83036394715037,531.2086714085538,39.0
383.18160613501425,560.2489162890498,194.9758344239837,387.66122898406655,40.0
365.0772562791347,531.8674882181938,181.60934451832827,367.28854011018296,40.0
377.2198905338012,550.7710290688694,190.0753850791597,381.98168526183395,40.0
465.0344978464016,632.0807730972182,247.13052092884405,539.5452883126494,41.0
431.4851571379664,577.6693616184102,225.77700229630074,503.0554525369386,41.0
475.90774475783644,635.8826098019317,249.41916056702195,560.2035136461493,41.0
659.8383909125943,767.198119433144,269.3440098175796,793.2633871479755,42.0
681.678435930465,790.8359809465383,277.97195872485,820.554092845259,42.0
654.9873012487664,754.8049864630826,264.4258186999618,789.8545565135782,42.0
472.43488305265925,556.6752075678439,149.94064777420493,509.9103464988331,43.0
504.99154242361516,591.5956154114126,156.07509663543655,542.9219214596479,43.0
499.6968454721908,578.6842852209077,156.10096845670932,544.9661558136432,43.0
506.2522590559646,680.3194324571018,267.5286168453338,590.0340319840202,44.0
484.0475171954971,642.5900885695294,259.74261368273136,575.5721487936532,44.0
489.83676836741745,660.6916225930244,259.799745297615,569.4117525365522,44.0
476.50472080418035,691.4797615704216,255.0581459904792,511.57762638030925,45.0
457.94983351456557,642.3661866574839,240.7355058572597,509.3836960532528,45.0
464.97100642689037,661.4239651472003,251.57340438702312,518.2049138317957,45.0
444.86267160523,805.9264333434323,285.7520033778292,356.9553376020813,46.0
461.2500385548313,814.0778399240446,277.582979490485,364.8950533539066,46.0
461.8324893612761,809.682432284041,277.970408435739,368.2595999439707,46.0
446.0066321269801,686.0768859045472,260.6945723837769,445.1869409218048,47.0
415.70118500000314,663.9886870891461,255.4222566601859,410.83796647267206,47.0
446.45562004312586,707.7803412185709,272.98519834199254,444.82514021354876,47.0
489.9254767092647,627.5746611367133,200.64694823143657,528.8503715659226,48.0
495.60347474711614,612.3871246809224,199.89542350537562,554.1212007564039,48.0
490.2724894404874,620.7604602271998,198.52559177437215,533.3805491013254,48.0
374.17118126145925,783.8833132479507,312.479062788668,298.8842827756074,49.0
375.2784007406891,775.2475265966908,302.5170020133426,290.8409749475169,49.0
392.6681215908549,834.4764206408017,331.6940320573836,305.8534302248265,49.0
412.9563950743391,494.9348620919475,161.91243730989638,473.2278704038841,50.0
409.86424995570576,482.68812335129587,161.72461975488545,480.63345781493825,50.0
405.02416180705364,487.9516826760323,161.87367412716534,465.195728701142,50.0
697.6075063267494,1049.3398009289979,304.13117893057625,596.1183184490873,51.0
697.4877909754135,1061.8128099827916,304.3531620756746,584.2926916566952,51.0
698.1952966040645,1049.8523416257701,300.1671680225079,592.8261659816959,51.0
441.3408244934895,719.100823784407,253.1988393148399,400.48802175602196,52.0
462.086622115433,728.9712632777004,250.3079850760002,424.2613103585454,52.0
424.23656741288534,647.0458772251512,227.37156061591426,412.20682840412894,52.0
365.7854848137845,430.0334323909368,208.07222253119593,505.5944001878191,53.0
359.53310127371043,420.98617722224463,197.34899004925353,488.62569617579817,53.0
349.71826685917085,407.30623527803306,197.21668518088458,479.9340155605005,53.0
479.5825299838682,654.2732833005249,255.37865403737229,547.5980758841723,54.0
450.35007530089746,616.550031782232,238.9279892725036,514.2370535411344,54.0
483.48075687803504,657.6187226275105,258.2328706668307,558.8525633455973,54.0
457.9473399255033,821.3615625387835,305.01070973429455,373.436514326276,55.0
457.65262304585826,816.7331284068059,309.70817349689804,385.4134706959166,55.0
473.69114801738186,834.6140118939697,305.97005608969476,393.39565431935597,55.0
341.5539040939382,521.556853108108,188.1757160792616,341.00113014249087,56.0
363.00143371033323,592.1839613764743,223.53555463609263,356.3634964958325,56.0
333.79041712800455,486.0241943164581,179.15292383290785,351.6428510750757,56.0
603.4493483546222,878.1217727071013,348.17150686839216,660.119437337149,57.0
575.972056897996,826.4387551621581,326.39917759611484,642.176407459301,57.0
557.9730212800238,772.2002708105247,304.5406293158551,635.7821899227135,57.0
401.32611463640745,727.7506337049842,284.16579884369446,363.9731004912047,58.0
382.35555493806305,703.3579529373235,271.82974777505314,337.3792508219152,58.0
397.41651562706926,742.5125648412587,292.4106427015525,350.42875928766983,58.0
541.0331853517084,739.7071790137238,274.51310581299253,599.7037645674075,59.0
512.7745202660974,729.6514174095554,273.15866636963415,552.4265980583607,59.0
466.6078843014943,594.168628383076,233.00732370249713,558.8832591582367,59.0
585.871101911786,665.0943107360179,224.50422769048117,694.474662667629,60.0
593.9244238043154,706.5203089626649,224.59749293746742,671.3089592328998,60.0
486.17645357308544,550.5389217687373,189.71880720935897,583.5231430765965,60.0
610.991638010565,702.3265351542601,288.7256275522549,786.0154577618703,61.0
620.5531820096218,704.9984481800551,294.13634733306566,805.6568886743727,61.0
632.5799482351539,721.3647683365177,305.3113231901554,826.9587449390679,61.0
594.3136137148201,785.8100911831368,215.91704252005042,586.996452970577,62.0
611.2806842482646,825.2419454266159,225.19145532008184,589.0263034556878,62.0
595.1421144054541,735.2831487165431,214.72447252146034,638.9914690824639,62.0
373.673994802032,671.2286808766413,264.5649310736746,336.71859764248086,63.0
342.4668862505377,600.2396824733996,227.08601649499647,315.7155407738253,63.0
346.5912017605019,619.4479109104385,233.29469921211341,313.0452200389234,63.0
375.20559443413845,398.6707617151137,196.3718330464984,532.3227726726393,64.0
397.2027160934599,430.85256724321044,202.2024544174326,549.8844079673331,64.0
393.61469690630236,422.35913966032933,207.94119081345207,554.6955092858652,64.0
458.2910145316597,603.7298033922463,238.9042805765173,541.9995527027146,65.0
454.95897595929785,594.5328556518273,228.38776779998145,529.6065186679328,65.0
471.5181244838347,643.5785487744337,231.9363863739373,517.008664403228,65.0
422.90098739309275,456.9594694322571,252.43694991134672,631.0347127308231,66.0
422.020531392773,452.4457420684346,250.31500641100476,630.756759078276,66.0
412.1881842506196,446.4308915300729,240.42515882308481,605.693265260959,66.0
298.17564432398893,432.7753707681721,160.84587344278015,310.3762657365092,67.0
291.78272350731146,423.9423428655454,152.90601482296196,301.3410684229357,67.0
316.30095892552,482.945260754205,172.4371687800413,305.4810921321747,67.0
537.920426693453,658.987268758066,273.24159879793217,680.276174585343,68.0
470.73071625158474,571.8263745002519,238.20760716988522,597.6053898570002,68.0
516.0733653800909,631.9460095961547,263.5525137735073,652.1189143149414,68.0
517.4571694734949,728.5242340417495,243.81819009108455,525.1852239023056,69.0
507.78407980304064,713.2234756084381,245.0047996423044,527.0088043149011,69.0
507.84893918174146,702.3228386797265,245.98745018917592,538.8349202932233,69.0
527.0698186427144,561.1350957278663,279.325906679287,753.672491074389,70.0
523.4851042674192,558.0509704899142,278.41463900053424,747.0266416571261,70.0
524.5869790843705,563.9347160951238,272.4337575674283,738.0891197968508,70.0
396.058007379257,579.3857633215534,219.14273291640666,419.970344463856,71.0
388.65400374823935,558.8114551424777,210.50801573703083,420.03074213614707,71.0
400.72939914386546,577.1992531322578,215.44567899329402,427.7273750212673,71.0
421.3384151820811,672.5207910125367,228.41153176926954,380.3870418569068,72.0
425.15350376246283,660.3314292393994,221.8949923640602,391.4433569905154,72.0
440.28519805745765,685.5694695271172,230.9432115831153,408.1996028501079,72.0
406.4127165360506,676.0547402334146,261.25467970931726,395.00249240746274,73.0
400.0439633082815,647.7509651490185,251.00831986240095,397.1999000087373,73.0
470.3898407627208,725.8741404848555,271.6376011400885,478.21790246881307,73.0
616.1773584588603,1086.595945587187,370.02856903860044,491.20132351412354,74.0
606.583698934528,1096.5160652108766,381.3433872752468,473.7739235840572,74.0
626.7785990882517,1131.823515528549,387.99217862213806,484.9714068895679,74.0
273.4215834599871,356.4694795071848,143.80713501414277,326.31082531288547,75.0
282.0619683349812,369.8354068678368,150.85958668522153,337.7768948311352,75.0
287.02404224719373,368.93824018808215,148.601795601258,345.32092684130436,75.0
370.62627987899623,484.22065845263256,160.7085881893433,401.398300400926,76.0
373.6996050382737,484.1072141608249,159.10877260921887,406.5645588526616,76.0
371.2797423618793,481.4869273716644,153.6454917532865,397.26094183936334,76.0
420.9318833921223,651.6688862657107,243.04890527444434,421.17476392511844,77.0
412.0891974084801,641.276562033881,244.19732821570403,415.0517187399155,77.0
420.32269211156927,659.757811534363,242.91995960328006,409.25798628944176,77.0
468.89535991530414,882.1233186882378,344.92712233445263,402.3582026475159,78.0
389.9263296637247,741.3175016405474,301.23146381277036,346.60307241147444,78.0
464.7748766288465,880.30400192432,349.9146680501079,403.8888586485122,78.0
413.37367338724874,571.6700342182419,222.66444837030642,475.04147654996564,79.0
432.332086204716,598.9831670008444,227.20441456476394,486.20449911599627,79.0
434.7411904354621,623.9841595831549,232.834399820016,475.06027479730295,79.0
673.2602045983497,818.4045169389394,279.6782273398801,769.5225815728256,80.0
642.3003775198516,788.3783030310046,272.386970394844,733.4930546360246,80.0
615.2603930822632,743.0152825676164,269.40701708592377,723.7585972988261,80.0
445.8242207471816,746.9241982176598,277.92874538445,413.95042975239915,81.0
429.2571774330326,694.4868330713219,254.73162226607278,407.1255441751467,81.0
417.8025152060214,663.1426611845075,236.5864373994054,396.0802047570776,81.0
495.4148690875989,678.0147679834705,236.25695234668626,531.3608433415541,82.0
568.6438950651019,786.0433618298194,270.3766583791593,603.0202337989539,82.0
539.1829138831772,752.8275170732123,260.601500810359,569.5751954701118,82.0
457.51746328872287,570.4604652116946,251.73607124990616,593.7323186491373,83.0
448.23365401465196,558.4320771137478,250.93930534613074,585.6136190937455,83.0
445.7827620198303,555.7010365521518,248.66069364728756,579.1169010906136,83.0
620.249270504343,815.4870705699949,324.93879625909256,732.5673678490499,84.0
612.0184333929877,794.3954340351089,320.3542259041016,737.4731720229821,84.0
608.526894227351,801.0760492064768,324.0261288004569,726.3538001404107,84.0
483.4919291440443,663.9941985939298,225.79613997716143,514.3660687698687,85.0
549.7375399415436,790.5188011495784,278.16464341639556,574.8094527456212,85.0
696.2659983519468,1024.7044196695006,364.66848046701915,723.0760729476735,85.0
456.52496082426586,529.7997219242326,244.68424428517574,611.6355815569199,86.0
461.4965075715233,534.8361841784546,250.31021897433916,625.4206312795395,86.0
472.50487847845085,555.6414186775054,257.96086670915474,635.3520422774485,86.0
552.9160776509373,741.0445779239883,325.7403505067245,690.7135731142338,87.0
521.9581919151907,699.8466263701372,306.0631498600188,650.3625019350685,87.0
544.3430263267543,722.0155357594992,325.58303489874027,690.2562448318849,87.0
414.59235969322737,436.0057459191517,204.1616796275912,575.7187884028547,88.0
427.0540106276666,467.4362691296702,204.6576423445586,570.602745437259,88.0
429.3913092391892,472.2198281533611,201.98065922176932,568.0180543826846,88.0
302.8214526737945,426.68635614333607,158.00227557076752,325.8701977869101,89.0
319.83798675011127,478.80651023094157,169.59614296744724,317.3607400710037,89.0
344.2005950285317,537.6429873974315,189.39861884775289,324.04342792944027,89.0
387.28076264112514,411.7850312523489,243.7200793686097,603.5208536805394,90.0
380.5771502183681,413.08322701640594,240.86494785273456,588.6114820567727,90.0
381.65087730843544,403.0632859367803,237.43756186598915,594.6262863938564,90.0
544.2694772728352,911.4862327932456,333.4198797185352,496.6117522276638,91.0
563.0584036215284,1004.3824662890302,363.6120496126285,470.26394180116023,91.0
556.1604098444224,987.8543242560944,362.3218585696495,470.0349456339526,91.0
464.61395670055896,675.7554635878159,217.1663907345312,440.2272403029287,92.0
472.8720162260811,681.1926965699678,219.33452173111135,455.4994499156346,92.0
472.3023159849937,689.7625695260058,221.85532169271616,448.5065999734174,92.0
704.6634364591218,1066.5709832600257,382.0338491872593,700.1181040184822,93.0
729.4329040493334,1081.169726956704,385.3275321061142,737.2236846028231,93.0
704.1836418537316,1045.6295592293359,370.84530736797535,711.9962173187644,93.0
496.1313167962142,776.2278481726748,269.51869839621037,471.64822560903735,94.0
502.81763373233673,778.5162057304047,280.60310341975844,497.47899350422034,94.0
487.28095048587136,728.751284485542,267.57161658190387,501.41864668475836,94.0
538.023454943737,1105.0837915501922,434.45533200079734,426.51469751428465,95.0
493.2605862382367,1000.5053000725187,392.4458702517152,399.6898565475766,95.0
515.6400806887026,1063.3146622144284,426.1822565517277,422.0597362595402,95.0
516.2252254463872,702.5720229560366,258.14568051075514,578.929456786294,96.0
541.5943984070993,720.0998701037445,265.5751444824662,615.0770746116707,96.0
532.7115012429686,724.0233680821669,264.05381460649767,593.8729203266633,96.0
472.5916756160481,592.8053022925784,188.9822767356128,518.0351798669908,97.0
466.31711682801273,596.0192561205334,191.00812879341544,504.1254484293077,97.0
458.0089611237047,604.3954260589645,186.32862048803645,473.88539877141153,97.0
539.2273144583081,754.588901745775,275.5952626056843,588.3263416708922,98.0
496.3608234568449,693.7592749125226,251.53186605311,539.0548810110452,98.0
533.8257395912927,770.7971936099752,284.25398497832333,570.9730774843532,98.0
261.8325367496329,266.0017514190854,121.36061606215898,360.58196603736525,99.0
266.1948169984933,270.66062423166136,125.18070838807887,366.7791554687842,99.0
284.0242866778699,290.9523805709148,131.09152466358316,387.73943286798516,99.0
561.0499748902147,657.2341960387489,265.91749207725974,712.3537054335739,100.0
539.6146262267056,640.9021919307035,256.35184839894,677.083534255754,100.0
557.7606067580864,653.921677321412,266.22152629371783,712.0921614942625,100.0
512.3369414284053,858.3876052529259,312.9701220620868,471.1134706652234,101.0
504.35682019875526,845.2789119362421,305.2102422998622,462.06707913076224,101.0
494.87064110261457,796.4096783914177,291.06364872718757,475.3894581640877,101.0
305.00636733843436,457.0199283585075,173.58113502880502,325.7848142435823,102.0
327.5355404235207,452.74936070009124,173.32135782526623,369.7570585061866,102.0
309.9635060132694,462.30449946897846,169.02601960242083,320.24953770760345,102.0
563.5302946898644,677.8007449924942,238.65364398787736,648.6152862399247,103.0
582.175222175179,717.2141129360795,244.10864061546064,652.7986099150249,103.0
589.2693167656798,718.5216204580314,239.3778059269814,661.257257376003,103.0
348.55505035960925,653.1610018794644,242.25236668986923,280.0609573047862,104.0
363.4909113465243,675.1536808394732,253.12565361432792,301.72482604601703,104.0
332.0075043680234,625.1855082632972,227.71807462770843,260.88073391092,104.0
403.6451545486569,520.1321845793748,203.18330839831222,480.62223956657135,105.0
420.72507503947617,541.8062678236957,211.1918320690967,502.1343021850229,105.0
394.3201547747172,504.5226043105293,199.3007678490102,476.311536618009,105.0
358.7942066681983,460.8651456447975,191.0547155440319,439.80950926093436,106.0
353.18570681353526,450.48719311550104,182.86171433680224,430.30474983907345,106.0
357.4915160984311,453.4870145567435,180.88845584285357,435.7022926631968,106.0
429.71002983772155,563.6189818869711,257.85217924383807,559.6491765021732,107.0
430.45310653804654,563.8048820707943,266.0359344759223,573.3438660043851,107.0
417.50227154467797,548.6380204441589,253.7646358030453,551.2296493206342,107.0
404.5391878311306,498.2787205355609,220.52014416612147,529.9359111903717,108.0
410.64553045251813,496.0332971429555,217.95004185745256,540.5872166791253,108.0
393.3192343379663,478.58133145623293,211.61025581805683,520.2056440687644,108.0
639.9147336897129,877.411530710971,317.52790866570894,698.8624382792559,109.0
588.5656898009212,800.7168731411826,293.16152376323595,654.9789602863295,109.0
622.5716955655262,826.4845440910532,308.1229040752016,706.6868159615487,109.0
465.2011742229613,417.7434941034334,261.65517120960135,755.0412932435445,110.0
446.0578661559022,399.18517592449683,272.9258009354493,752.1951757806097,110.0
435.0503759463145,389.34826834335064,241.8974664630526,701.3728595993657,110.0
264.49384669633577,276.2093301950663,147.3863323562535,388.25225725472126,111.0
271.2318912205553,277.5466243697475,159.12737276012885,413.3742044436955,111.0
260.1563944811638,267.03893630249763,151.97918464211344,397.55124286792864,111.0
424.45030520523846,540.8951174097098,227.8953412843674,525.2616102393868,112.0
425.27364536126663,536.9575285445608,226.76170505939606,526.0404051535996,112.0
418.4137385287746,540.4341659565866,225.8971035273608,510.4845042538926,112.0
562.8201898717672,832.2554433877136,307.27602527574464,580.5818430317179,113.0
548.6603838641876,823.7077818407286,297.86744528345093,550.2660752481031,113.0
519.0624063654088,765.1122095344022,280.69106161085824,537.4691391705048,113.0
561.9662402102945,664.1085268102394,270.0547937036166,708.2542895152033,114.0
517.3473801590453,620.5242012138931,243.48800633480144,636.2206794084553,114.0
571.5411419028644,681.2584094725246,277.8482102869409,716.2584053321175,114.0
591.8687963772247,963.0336745229334,313.8113669740225,504.9995525060387,115.0
588.1095789301212,877.5684078825383,280.3154607297276,547.9447294090455,115.0
625.1057272513315,1018.6206496333035,331.01609520428707,532.909952250457,115.0
598.6912019620175,908.7786274396716,307.75032014508963,558.0052027772964,116.0
591.4906472801663,882.4499920049182,298.2585505320362,562.592673845515,116.0
577.789736871316,872.0620186364549,304.816870881158,555.3185275678171,116.0
459.70692695187273,636.9508174985561,202.96775964441207,459.2835433462897,117.0
472.29700477254585,638.0333784718313,205.93874703888306,485.6969793863352,117.0
463.9546631878617,607.8319875512192,197.2973969128444,489.6360662814944,117.0
382.67050409838055,487.9278278997058,196.9123376033643,464.6798859175872,118.0
384.11572593568087,490.48567136748915,198.50031036502332,467.3734587013421,118.0
390.03428200376976,498.1666090548211,202.49091822409244,475.3066529974537,118.0
531.8560043858851,726.9713483201823,287.03298653776557,618.4602908997001,119.0
567.0623455067173,757.0127140581818,299.18905413958385,669.3901860908531,119.0
476.86067511099975,641.7693497859702,255.56649303695005,564.2283180215976,119.0
575.2299479869146,641.213410406151,238.49876711922508,718.4897508973231,120.0
589.3404939421679,659.5839074481811,248.69519804738445,735.6393404892195,120.0
642.4721791429266,720.5826717637046,265.339336190454,794.8574872271638,120.0
482.7068996097288,667.580075092331,246.91946841551746,533.1183699285576,121.0
497.1505756334533,699.9081201252526,261.6048029654768,545.4749609363905,121.0
490.14590501262785,682.6205954029583,256.9226416484326,544.1850323235237,121.0
438.83013476253626,665.5475575477087,271.9719453774199,474.6092012811934,122.0
442.2764319604046,677.1392523323909,277.7403055858933,477.64780322205866,122.0
419.3769457868797,640.4255628592792,257.6723924971044,451.2641466821649,122.0
494.15380830766964,629.5661516881946,257.79789218974895,608.0973287341905,123.0
487.4655103942532,623.7944791106781,256.23192556652145,599.9694864584128,123.0
465.0844123385328,588.5574729544924,234.68371382797395,568.9135868173366,123.0
523.4622906370695,650.5639748302654,207.83726162496552,573.9851659073854,124.0
526.3223095270998,670.1276777782896,208.7779586284976,562.5841882726046,124.0
537.888213091559,670.2116200853088,212.81175588282173,590.2597127833868,124.0
379.2579931129248,516.7634757645261,199.66233443935903,432.87976932975477,125.0
396.3027976943641,524.9645682659974,197.38085399765797,451.87287902744544,125.0
406.47534399713487,531.9108426175416,201.84800867609553,472.52241949646424,125.0
404.6889180459309,685.5101621866046,270.2016477746762,391.5447358132231,126.0
414.96752676673924,714.7133588594597,289.94924902802995,405.79303320291615,126.0
397.4662739560021,683.7136800998671,276.95874487382144,390.9387021383628,126.0
472.21617602622484,568.5106794438958,174.63664649563398,524.6608444821665,127.0
461.82633017667035,553.4853224715284,174.7575777321501,518.8807826593812,127.0
458.40461389544345,555.0000507146716,169.49686581543347,503.33000463822714,127.0
441.1078376394263,575.5390673785625,209.31774495721515,497.7396572786094,128.0
431.0748483293065,568.2656186494615,206.9102715584154,485.5961744028442,128.0
423.02373590044317,552.5589989103629,201.54266539801878,481.7192258717647,128.0
581.3642183440063,771.8220506803191,222.53445555047782,576.752324890721,129.0
589.3139268812356,770.6105052709944,222.9560815054835,594.1190614730107,129.0
576.2993533469398,727.0674050981326,215.9592181306354,606.9367695017603,129.0
531.4561241159068,794.6275110800816,260.6718195978016,506.6395890908557,130.0
542.4745906543578,850.1611966954612,274.4758311036609,486.4137658540316,130.0
565.9636580696863,870.2243433808148,275.60230280194406,511.1998667621078,130.0
402.10915540471865,462.3254138870702,179.99787279432667,500.3753388588395,131.0
426.5905717193974,485.9378799846239,186.349764284329,527.0372702041534,131.0
427.46416719288715,487.6875867090805,194.49252231956166,537.9433838940453,131.0
322.9838690443185,459.7579889162645,169.73347022914496,342.73901678060605,132.0
328.9465594713464,484.23056081611327,173.29399089348024,332.7427119790888,132.0
322.4459931992238,455.49537074884165,158.43999494786735,332.1059684143309,132.0
420.3224047159459,636.5344854896279,240.8264340461414,442.05977887183315,133.0
395.70074449480177,605.9358121535727,229.44698459888914,412.0563668141729,133.0
449.70303485583895,697.1820067778734,261.516552717349,462.02306932793385,133.0
398.85791159128684,474.1701674223212,190.6159199660094,501.8028251330512,134.0
408.6131735973665,491.37258083836304,199.92506460510123,516.2221943167501,134.0
415.70661021863873,501.2726676679802,206.964258405159,527.103433143689,134.0
582.537227761335,700.9250353824414,275.2647419474598,738.6918106608566,135.0
604.3578416734595,723.7920092622052,291.2712880819231,776.0485596397987,135.0
587.4418033272024,704.3116656782814,283.5433127487132,753.7501601252784,135.0
609.899008390349,678.0544486220858,315.0180284479464,837.4265637359327,136.0
601.9389770197004,912.201754653411,329.74633478297864,599.5575156157767,136.0
612.1190180070846,691.7444740528393,320.21420996551154,837.2658510560804,136.0
395.14936217966215,517.6546515708682,204.89945140503224,469.9987199677507,137.0
424.3818745195092,596.8219103840036,215.19710844114454,452.3184233450273,137.0
407.47700102546474,559.0580989782856,217.09370199977923,464.8230685579999,137.0
620.1514198142618,861.1276146667818,257.011482906811,603.6883137401701,138.0
599.339889367472,817.3483147773131,249.00320639366134,602.4763430732968,138.0
622.5133521210187,840.0083109272788,258.3811125570174,632.2012923791643,138.0
335.39841887056616,406.67658987416223,137.58696021015592,382.88967851023125,139.0
332.3203467203678,403.8001059144594,140.73239954682188,383.4216282747959,139.0
336.48065679322445,411.8408719721065,137.68168360673218,381.21240223853073,139.0
663.6116169632392,1136.1493844888664,368.2764604543842,525.588927408057,140.0
748.965111117842,1302.4855245857002,423.1936672611598,583.5520355833311,140.0
826.6526607734877,1411.889281321095,450.3820758964824,648.9276518367017,140.0
611.3449711732361,748.8307740033553,296.64494759984564,754.328777471285,141.0
532.6591346122095,655.6550384189144,270.6255621152444,669.1243699465331,141.0
616.6613721088696,788.89613404409,288.7912242757365,714.1708887099085,141.0
425.4864002043401,535.7481603505872,258.30479397372727,581.7971354071484,142.0
433.6581734865434,548.2659301769995,261.9896192151242,588.6948756424205,142.0
443.6386452297447,563.9480257128374,264.94855902842295,591.4363021104547,142.0
756.6483371004488,995.5097766788059,352.05655123135995,844.3109043743253,143.0
735.5606072066957,982.243716830497,346.47587964598114,811.3395390906436,143.0
782.2903418862595,1043.1076083921594,367.806057907509,861.0966205940471,143.0
722.9239707875014,853.8826971404309,286.9377313423369,839.7752789063597,144.0
698.7606316931359,806.1834320056372,281.2769875156002,836.6968642645415,144.0
696.3062334135547,794.6647524555581,276.9385174664208,838.946223099853,144.0
488.94730209964587,588.6590403599628,235.41941395086067,591.2351969945962,145.0
443.92152871142156,559.3850354578266,220.06502449506752,524.4110409665936,145.0
478.75616114925526,592.5865071057491,224.2675807149519,558.0572171912166,145.0
729.4406081841491,736.3126814821397,320.921709177929,1013.3135262462449,146.0
741.0604480195698,760.0459627525586,321.447106823825,1013.961674779726,146.0
720.6435396077621,720.9147740290754,349.2160428663445,1047.3818275160568,146.0
772.7107471797517,1071.3387801299193,394.50931172276046,849.230752093587,147.0
661.1127943968663,955.0336309821317,356.54400526868915,710.6257090841417,147.0
731.8458150830213,1044.4356184546373,388.33327390439723,789.1598164941969,147.0
681.8448438923416,789.8984264708635,360.86433842981296,922.1503930331907,148.0
709.4585692123919,800.0697826368843,372.1418236027637,978.0623023879255,148.0
716.9254047480481,815.043816172191,370.60106097367856,970.970966475959,148.0
688.1635638837637,1201.5277822008268,449.39028977526846,610.9009194680704,149.0
636.016002202198,1067.421955310414,396.86342238699575,585.8669821783386,149.0
605.4357157763402,1025.2893388696953,378.81940270492703,545.4726823275498,149.0
593.9551821409091,887.6408724016854,313.7072221341196,599.0433263025386,150.0
604.1603322430337,851.1098695077211,301.4985562642881,641.6182773768224,150.0
562.4164697921478,856.8993652038299,307.1708475337126,563.6777608208694,150.0
677.6856989643471,1174.2191346364782,427.6765811998566,603.193796041613,151.0
732.0063610475208,1282.8730042069617,464.06221696201857,635.9552361840849,151.0
789.3266147061536,1391.5817686769135,503.2833803330232,680.3399711115013,151.0
472.5328138630628,718.2754958695839,271.3585826285437,482.811854865189,152.0
448.970964195426,679.0124394121879,261.33355372501177,466.62111816917155,152.0
454.73348645385494,692.6547127268605,259.97565231666556,461.1068024115648,152.0
662.8661047644657,884.3469618644926,353.24000201729467,783.9909151564748,153.0
672.2520324463261,826.7967411005684,363.66173867448697,874.7970471893738,153.0
669.2286530815352,921.4723987841282,358.3329787863604,767.4992215700616,153.0
321.5737004481502,388.93117132557313,200.1524589765902,455.46126453384426,154.0
315.4302664466338,378.2742769194887,191.57900922684962,443.58852513456605,154.0
320.8545932112327,390.14285115604883,199.999255298903,454.0351062170332,154.0
621.9964279101041,1089.5819664450696,380.07427115671294,522.6367175649925,155.0
674.1931686248746,1178.5543750761935,413.73329755196676,571.1409676663263,155.0
645.1329555881251,1110.887120351252,391.20399879587126,559.8466578130827,155.0
656.3565888825445,1026.127523107987,338.11533609164167,596.7450453876321,156.0
650.1264397136057,996.326403689961,322.13683997710217,598.0292818443945,156.0
596.2448966993161,958.4741223331541,324.09758985243144,533.3503383004547,156.0
625.0078504916918,1080.1335005159722,355.4493565263651,500.8427941210932,157.0
611.145845601339,1082.7113792019202,368.2071840562718,495.8783366261635,157.0
588.3456425675483,1071.7947298585984,371.3620568025849,463.28635931636035,157.0
429.89230422501936,615.3320849075947,190.96767976252787,409.8331986446491,158.0
366.5684984817162,501.95545064959606,165.8149587176572,377.8900592096921,158.0
418.9135743848902,605.1375773470476,198.85228187693173,413.4121072635808,158.0
548.7883598755059,716.3514801213008,312.5102680848171,686.2371165522417,159.0
547.1115380406432,690.2097533177943,305.8296257057327,699.0649173149718,159.0
537.1082935936481,689.3252825316849,302.9878309878162,680.1445994585998,159.0
754.71367439314,1440.4391468930041,542.0904842612731,604.0432236437481,160.0
804.2534496559671,1503.1447467891182,546.0246545705196,629.3828365535536,160.0
706.4761035401905,1349.9928278389893,512.4189800458931,570.7310674469039,160.0
470.1845408984972,561.1057823791837,224.94206923061856,593.4140263873944,161.0
501.9980866435231,592.6904650815412,241.8780940663083,641.1903084468511,161.0
475.61292400781684,580.1425538362206,234.2523416019922,596.1435370817288,161.0
544.868524065625,978.7238543898314,352.8652259564691,458.53805783644515,162.0
558.4740020685671,1037.8378058311469,377.10002954489937,455.085141277725,162.0
542.4680725950406,990.4266789595146,357.0829722459792,449.0889998206601,162.0
545.6924037634387,604.824656200368,203.0110890212091,656.0930615470755,163.0
547.0976785995148,610.0919586528585,197.3593791100467,649.3120691600911,163.0
593.6528334775951,685.6072460484684,228.03326211195898,696.6354578596115,163.0
490.83709856750437,826.1503141994606,303.6454996716334,446.9166492062351,164.0
483.46467536442924,829.9931226225865,307.0084199461997,432.2514772665732,164.0
473.3561565738468,810.3373194065796,296.1280856222265,425.96513419080134,164.0
278.8379188837842,342.59367316682193,142.08818160088538,349.3188571885501,165.0
283.300568917064,345.96618819914363,150.4481673774113,359.79291206290355,165.0
292.04970330076554,355.5060617220152,149.32644860470197,368.84990655768155,165.0
564.188794455526,920.2216879350245,273.88136425156574,446.275685327241,166.0
583.1042963198647,958.8896006501769,283.06507531355425,452.07974779472045,166.0
535.978481674039,837.8287250001629,248.21933230451248,450.2696674120789,166.0
540.775367929289,635.3405106155324,194.71789094006115,612.3339028502177,167.0
514.6281047448838,605.8713433774593,186.38945089249034,582.4523501708875,167.0
475.96197765603983,567.4384927136192,186.375805911402,548.0788515100389,167.0
548.7991536414379,856.4808181353906,300.6279473473591,528.1486939203621,168.0
528.3266791743592,775.7911429464425,268.17071519672004,538.2946783817204,168.0
528.9976128035104,810.7175134177709,281.4612839249653,520.0879391686581,168.0
563.9690956650516,514.3359862511104,381.4959575202137,982.251859239256,169.0
513.3966110455879,465.93887868190745,363.2533968873549,915.7728231164734,169.0
578.3334372679213,523.6124474020156,399.3122407850875,1024.6160376141088,169.0
551.7194892831757,837.3307861749872,246.84329021767743,475.48569558144146,170.0
608.7615746548346,1012.9217331453074,321.0978187058894,486.0163303064331,170.0
631.7617352846719,1056.689164624229,330.87616594546176,496.41825791824334,170.0
430.38766844287113,745.6035322492655,281.15394769814293,396.17939721585464,171.0
460.2146313844185,821.7501655095573,299.5469888333859,393.9106080187498,171.0
460.52591279381994,800.8322371439477,296.38533720985805,412.6161773620868,171.0
492.6809810159998,652.6957963105266,238.00392213225373,547.6212663019892,172.0
466.03046187820064,625.8708821912934,226.8067250855421,512.0986483018215,172.0
452.0277306601241,606.9983362986799,217.93349487084905,495.88075752045177,172.0
355.1532639065941,390.31998143126685,181.9353916345016,480.7946310913313,173.0
370.0764717734289,406.4407145835963,192.4472019751128,504.59913146710386,173.0
353.7555717416762,385.8460053726421,178.77279781365579,477.2582375491166,173.0
534.8283100435576,792.7105476842163,258.54373829378034,511.98909058291684,174.0
551.3218657626323,817.8832662825693,268.91776096593236,530.7335537178806,174.0
550.9089827800091,840.923270652251,276.2611732899711,513.4471101606447,174.0
454.2904373481863,691.009568138318,247.14673061893473,455.82983414446306,175.0
466.5370629210372,701.2065573387757,245.09433059003456,459.8654674184345,175.0
436.2497044046553,662.6822532478768,244.5966303587608,447.24179161747713,175.0
262.20850303873215,332.35077321651244,153.2591850018737,341.5810322601705,176.0
258.7628950637106,328.6704367662027,153.36678394950965,341.47594884765266,176.0
689.6493478727439,1220.0332183103728,426.896645015218,563.8914309850845,176.0
497.13166369703833,648.2675923875594,286.4449487540737,628.3634811342012,177.0
500.988654846115,652.2358087787092,291.24274561172086,637.1510693719091,177.0
507.71742776061217,655.843830837905,289.52729417091507,644.7649455225977,177.0
359.0836116928698,477.27789995325315,184.46877255389276,410.17133026989313,178.0
353.9614151036,469.6891428982927,182.08743987175976,405.0892627111133,178.0
346.7666344865975,448.4244121642055,169.59963465679985,399.01340692580385,178.0
342.761976624021,437.72143757602845,188.42232133531957,425.9210822993063,179.0
321.3125781825888,410.11776356191183,176.89371526008804,399.0357918343018,179.0
322.67303971441703,414.00996497454344,172.93809125708765,393.99324290132716,179.0
538.1180071554205,664.5997408184055,267.30779848041914,665.7852939207291,180.0
540.4586680114714,664.4526400594162,275.57807175848484,678.3281324985619,180.0
548.8836288910023,674.1119349979148,275.74702897743873,687.0715691570625,180.0
656.6696232112902,883.1008079167108,285.35620851924176,685.436576976152,181.0
646.7628275352728,859.6397156314584,276.570623864421,676.8293973670771,181.0
653.2178045402247,863.7104562473168,281.9214597387492,687.7575205336647,181.0
621.5185882640934,1056.5572450814984,395.525231558692,570.4049940000145,182.0
583.432262979585,978.9478863430744,361.4189598257138,538.4062380027415,182.0
559.9061530905528,934.9685247270841,352.0733784459284,529.7427173897177,182.0
450.2287654348887,627.1631638830786,229.20515942928142,492.0265573083489,183.0
434.10883504443973,611.0596916805416,225.37827426315968,472.0135675150732,183.0
423.30398216133153,590.2391739531145,217.56899339943428,464.53545718678595,183.0
755.5344196889403,766.600450702254,312.56194152405584,1003.1804230787179,184.0
744.3083660904588,775.923768870551,303.6051279417873,960.9062345028647,184.0
779.7069305969618,787.6161288261013,320.9570423002401,1030.4728311010135,184.0
417.82865904210917,640.0745684768196,227.64593729700658,422.21680187283476,185.0
411.91011104100005,618.5633136723487,219.93156539089733,420.50729732175137,185.0
410.42007127422744,610.7701335208615,217.4812262915349,424.06129096174715,185.0
421.5868275433596,544.3103872923725,200.14553688975533,486.7385306960707,186.0
426.708063091717,546.205224346782,204.80235814043,499.45234778292206,186.0
432.65423484775215,557.9349967359339,207.10606542129247,501.52525683922056,186.0
494.9421313705856,710.8016782644851,255.43507986965747,519.5427004945997,187.0
499.24315682927914,707.9418862496194,250.68260839141368,520.3791647493317,187.0
488.7372179947574,671.8068367033229,240.23675746153194,526.5310982783012,187.0
333.50832433863184,459.9002488919612,145.86147011602137,339.2488574348503,188.0
349.32152240012954,489.36258325170195,153.82655823401993,348.1672214170522,188.0
350.5353116475968,488.3776334029379,152.39583097247987,349.252214205147,188.0
475.7707952392547,658.5418877103007,234.70381413611273,503.7275233274161,189.0
582.1464104806756,816.9937580578887,279.73141806608197,600.917651087074,189.0
639.6683210265695,947.2180354765892,330.91998987265265,634.8341438731561,189.0
442.8018019105526,675.5246497184177,251.82167819369974,456.617165846371,190.0
435.3415111590563,730.3260836919678,264.56099212818833,397.47443452371317,190.0
425.2207498160527,708.7231185343018,277.9358199075071,422.15760003826153,190.0
415.31448914591414,591.6257443377473,191.4557831575,407.66231184351835,191.0
409.40790721861214,576.127429794708,191.06417376284813,414.6843315826148,191.0
392.50439449827405,545.4493417382645,184.63679220262432,406.54567492731707,191.0
342.56342156317413,456.6430930511542,167.96462719095538,387.9731692436229,192.0
346.2814914422411,460.84961586328825,170.1937640353092,392.9986114330008,192.0
353.8777337869346,466.02636302771475,169.94941114576596,403.28483859281255,192.0
374.9438852421622,409.47979457507535,229.1325773046459,568.9893083697989,193.0
385.47975972311457,430.840836307547,233.009517849521,572.2729809119019,193.0
355.8222494203322,399.15008227046974,213.35499646132038,519.9221745583261,193.0
556.9973759937922,858.4075217549263,261.4681555833397,491.12155856525004,194.0
514.7822906068185,755.8625473825781,241.2338234578007,489.73655319279123,194.0
541.9899137324722,803.268620103851,245.7271323999088,500.81435577397355,194.0
475.5684933658515,639.562780910792,198.7464123473241,485.58041962167914,195.0
479.84300552077434,621.9967008720603,193.76683110034622,502.5301868499314,195.0
477.2830728681736,599.1606137134902,189.48257584113549,514.9657729744837,195.0
605.8742482282606,789.3553748038855,258.4893784896225,653.1360785971626,196.0
603.1310735148563,813.3188003237208,258.6143342598153,623.3386882553688,196.0
605.2295008328625,822.7722913307158,255.7012296307198,616.1792885096434,196.0
491.18176084422646,980.9544112297377,394.78670869545414,398.8933674499262,197.0
491.34646345786274,985.5785579336573,388.37316836356865,378.7760033496969,197.0
473.4195366782031,981.0234484280195,401.1600801268247,385.87909525497525,197.0
542.6393575193687,693.8910900547301,301.77395400928475,688.2620741197568,198.0
504.3429745353451,625.6514410165402,283.25594964541966,663.8809114733851,198.0
520.9923234700627,646.6494461306381,297.7507494330571,688.2066015757231,198.0
290.7991885017365,390.68398549620247,153.8519844860905,338.1811080255449,199.0
298.774233085401,401.4999276754146,154.53787418849174,343.94836319647953,199.0
316.0504602928756,431.7195732305553,169.9962535188153,365.4348821715677,199.0
412.1040053994972,565.4426670272356,218.15332515526208,455.7806985474956,200.0
398.93777750052925,554.8328730628824,206.70141632187716,436.4731030983991,200.0
410.3732675386378,571.0290453501589,218.10004696056114,447.576171984481,200.0
307.5916371644621,443.735604419831,192.21120729999228,367.18331755700603,201.0
397.24451736884305,602.9124717349181,243.43060392400653,430.32579862953384,201.0
385.329205636232,568.2311596080708,227.63500641156963,419.97056712217824,201.0
417.4896513078612,560.3023775186103,161.15471932117293,408.08714025910257,202.0
431.23319056253354,591.5559457745666,171.34897506763113,411.604944191803,202.0
453.4224594456173,668.9038451575756,189.50898054881404,386.1766529618496,202.0
422.55672654080723,636.2839640091503,233.48497060448761,434.9979964928071,203.0
432.58842201456406,635.7196844427996,224.59277713909702,443.06792139988477,203.0
404.8072959142044,601.6435411301356,220.80535569270958,417.13630724628734,203.0
369.80610692488534,399.81580658604616,176.70852296860173,498.7280826800786,204.0
380.0441843836484,416.5504595820408,180.43358967654987,505.15629810006635,204.0
379.4504921244609,407.87523316857073,183.7939181815898,516.6788146456299,204.0
625.8220485865029,1198.599878214792,448.4977486416709,479.2235782270469,205.0
637.7781664836762,1209.5342285016263,441.15653572354086,482.23062596470555,205.0
621.8681715720426,1158.4978923590231,423.9298630325539,478.85505214465474,205.0
532.8339688058809,697.9887670725625,246.6144051016036,593.7253791456594,206.0
572.7400054361975,752.8758335357394,263.4194415746918,630.1880457675329,206.0
555.5064232381665,742.3382278641801,255.9831321639872,600.8275838918198,206.0
276.36965771587205,399.6737366810069,129.32065797665004,265.95999620354945,207.0
268.2971635860952,398.130997793302,127.72404567414912,251.1614359835515,207.0
287.39167738711836,419.0871407196131,134.08348174257296,274.6165068161484,207.0
460.23531551370536,636.4342372659918,276.77910766401163,564.5493283655014,208.0
440.1599668636855,605.8157070159979,264.62200290958094,540.8031891635997,208.0
445.73104527125,611.0524170540122,262.9712838627924,545.0566742425576,208.0
343.83928337181146,466.13202785405474,193.59584502079625,409.8730930166265,209.0
327.6230440746465,432.35056932183875,184.79424800150537,404.07722822126186,209.0
331.45921605015246,443.2719802958752,188.27289205378838,405.8089849714532,209.0
461.5579566184391,688.0296589660992,245.35551284923315,474.36909812954417,210.0
435.51487714380045,675.2494674923576,245.70371699547118,437.41170316936126,210.0
434.24066758291445,674.02591807625,248.27977812947202,439.71633371395075,210.0
502.7473435699581,655.9054687105117,208.56418688522848,531.2478147191239,211.0
473.25468483983497,625.0259161800773,200.70692512755772,500.89078677101645,211.0
473.8458433141232,617.3134680117216,196.25599272819005,502.0423303936155,211.0
402.1625546176825,572.6908947245511,206.81860759469927,429.40486543384156,212.0
425.4468195227709,610.6608773346902,215.32406332769975,443.62320045641223,212.0
428.9995480090653,618.312577744495,222.23396027521954,452.4412958438061,212.0
413.98405205886235,607.4988342363731,215.7139412142004,410.7092941289632,213.0
415.6309579692919,601.9794752622277,210.75584561552157,416.1718579299428,213.0
406.5773303959041,579.4682162805814,200.10252073765488,408.5602794852406,213.0
445.3472565073986,541.4873193789414,158.40173138882653,486.03661353668696,214.0
445.49419961295393,546.3180528601471,148.5456480963433,469.4041859369865,214.0
462.75092170036265,564.1184634030813,158.06223712227884,494.69852546229635,214.0
525.2579521241303,688.3919816512631,244.45175407536962,587.1102203279235,215.0
514.9969820752679,665.8354677133685,241.69491084720394,582.4063574200666,215.0
479.3723299587992,632.0618491027561,226.7584313795758,532.0872076527634,215.0
330.3105279351891,410.7293383850375,158.06430443645664,399.71691811639977,216.0
310.01831639301656,390.10331711240326,155.79315124423408,379.395455371416,216.0
309.1771367307819,398.3534113217908,153.44720067482118,367.56449995451237,216.0
484.6009258405162,558.4019108497183,173.81879897093842,542.6483324556436,217.0
478.8544972853067,551.9531291523858,172.0904464088733,538.2183689897275,217.0
456.67336701110884,522.7111940641722,163.0859532452885,517.3620487932368,217.0
527.28705439197,741.2429507424689,210.02836864364025,485.4967049493587,218.0
479.46826495697627,650.266140554526,181.392198777234,457.0821388000292,218.0
549.8981688991635,761.3710497672761,212.6486517096093,507.4211415653892,218.0
313.0674811020768,371.6134873852858,220.1865347000037,482.24448534461214,219.0
301.2240418469668,366.58668243273775,214.31022515287844,460.74595958942933,219.0
297.74960733667865,353.7271630254809,206.6597985913283,459.2809029623641,219.0
485.0481423892411,544.6769528289057,206.2933823792318,607.2021205332958,220.0
486.9218433464458,552.9624313680505,205.26253157173272,602.3256366796522,220.0
458.8695538389181,527.7187738500895,203.2017467106403,572.7184310808598,220.0
692.2421527457085,847.9414783487778,292.98589828706656,789.6223656473217,221.0
682.7930209696746,882.640653661445,292.4283210962942,737.9227874117341,221.0
631.7804857356073,775.1582660536723,263.15057756144546,712.2978442442256,221.0
447.36210781092603,572.9024833815109,208.53363075303892,513.1946077771206,222.0
410.07710964876065,517.8381981236206,187.38600167676427,476.6431810857438,222.0
418.5751394975195,536.4038852169414,194.142459455653,480.7778981940432,222.0
532.0593605505381,608.0029295543499,227.01586425978735,666.7954590488005,223.0
520.9829044938637,587.3525341620032,216.18471481488544,651.2510442663892,223.0
515.1648152341156,585.4732749723798,215.45599825903275,642.5902608380335,223.0
610.8608083753312,1014.8903600431266,386.1917683098775,579.467042248576,224.0
657.7874270530293,1117.6227485174493,424.4068872106245,608.657703670128,224.0
656.5497941976798,1132.9368805045426,422.40368226924517,587.6406530581258,224.0
595.9085807868885,1054.413455733297,382.5062736981757,510.54230476533047,225.0
621.4161395152263,1110.48732479905,413.74574909558845,543.0538745382361,225.0
638.7856393733164,1162.4001127396502,436.4135985203235,547.8786294979221,225.0
482.64184054624565,601.768604416525,225.3609861169584,570.5518313744143,226.0
477.64793084788687,613.3876436116012,224.32563493640333,550.0820605894942,226.0
467.5132317096329,594.6119969429452,222.57941939745803,545.3923378064139,226.0
329.1247606709133,493.09096154640156,188.85851447281757,342.796283520094,227.0
336.45355231856144,490.75749841903945,183.91023352451558,355.61303886890994,227.0
351.41260703701704,533.0520162393327,200.65791859499987,361.6422898668476,227.0
478.9809246193604,402.27848025868536,308.53902018374225,845.4920970042052,228.0
463.3170425486196,395.17773684690553,290.745667099364,802.1334287771392,228.0
466.70217561449005,391.31207159298754,297.51679221240295,820.2901897297381,228.0
431.84571942902966,586.8831289107598,225.1205328334461,503.7713440052967,229.0
408.97974472636855,544.5741662271103,210.267782001427,484.60511997518864,229.0
400.6608303992806,534.1587082635567,205.5472174669762,472.4715058662442,229.0
647.4893718179839,941.6507044136275,322.436368137319,648.1251134189064,230.0
613.0884664410737,893.2022157701248,300.9578016605046,610.6434432827361,230.0
613.1926305075915,930.7867878037498,325.50006545302614,603.4696019299914,230.0
407.5770380431179,573.6045079761288,220.5041199331752,452.618328297011,231.0
411.2650853597306,583.4110034257483,221.96121821312386,455.0194134046827,231.0
484.98007822078796,686.8419744221753,261.9456744997368,540.8360484669502,231.0
645.8369779563627,887.1150738700553,345.6080236927372,726.3353214893951,232.0
604.6315243253831,845.5933276192975,337.6200658036501,684.021268190566,232.0
574.6133821621133,803.2298922500921,326.12862332436885,655.6355233508639,232.0
590.3402388822856,773.523470479361,318.4447860582935,716.8832751334081,233.0
587.1183042533331,768.610669070286,315.61108040131194,709.9970299317856,233.0
533.9121275898561,694.1674478523037,290.21411197003977,658.5749971981651,233.0
533.9637675447652,735.6675480596805,236.78592843143585,545.1730032643019,234.0
534.4751938983751,743.9451183108482,233.60910439707072,533.0105758205096,234.0
533.8997855427986,756.4917083881935,233.77718615021575,516.174566340833,234.0
527.9658318743246,638.2561228988027,218.08339852517148,610.9286375632156,235.0
502.8797992543515,607.4540347344563,201.7576551169242,575.9327720242146,235.0
495.77251309967664,582.4949560024382,199.70496630631837,584.0250181273503,235.0
478.6220752605337,638.2754499755682,259.4299654964731,567.6181566594828,236.0
492.26601493003704,659.1483792674376,267.84706988101317,581.0274223010348,236.0
523.0110883155886,706.8401689920026,283.28452758350545,609.7404512905256,236.0
394.33416926017577,615.2492244534373,229.09226757041557,398.29165308422455,237.0
419.6422336551643,643.8288080953467,238.17659449963477,428.5964912165294,237.0
420.24484622627295,704.665562598465,269.97618779410396,407.4657642524335,237.0
636.1277602665685,676.3419698349089,244.15265281492412,802.0819467149028,238.0
639.0464054394104,648.4352134067597,246.78950377797256,835.3498919749189,238.0
657.9228053024926,676.0171649692142,254.4017229537142,854.6353794305195,238.0
645.147320249736,842.391691924446,317.6070849530693,736.9641787378235,239.0
654.161804653648,869.2054165051753,317.23319129351904,729.8207520184002,239.0
729.0927380150742,959.926976755034,342.37546075579553,802.9135584127797,239.0
683.3322715572111,826.5672395955751,350.8745873628144,882.2314224239278,240.0
675.048617674538,817.0935423531146,338.65657378341496,865.0445850972062,240.0
709.4051078618908,852.6797843706536,340.5660001030148,897.2244820731711,240.0
788.6662566789648,1022.0246618712698,319.0439905294315,824.0954750409471,241.0
766.9241049535664,995.6096051955673,311.0027827438731,796.9595610102316,241.0
766.6240307801797,989.4693081907243,307.0841274207247,800.3196709024406,241.0
661.2891266801641,778.6852520478989,318.4907375701936,836.2778434556906,242.0
675.6046137559173,781.1394415262563,321.8169139315972,860.596170597168,242.0
671.0603051342686,782.9326149225192,328.9195189757207,865.0571866660808,242.0
682.344432962141,792.0346203420556,227.04372438733208,760.8181700820805,243.0
607.9584852757102,705.8250556272118,225.04302745152026,704.7816903654474,243.0
689.9195996364464,803.5176797740313,238.3705529611698,778.8837738567063,243.0
474.1545449922996,732.8547569588136,264.4286648984598,468.09527439773484,244.0
490.2945092178096,756.0196679093049,273.58290840772906,487.418235634549,244.0
487.0946062311555,807.0958657887596,276.4551424636476,428.11169370768795,244.0
478.00292709769644,575.4480965116433,192.1714282365723,546.7785535241264,245.0
444.97209986994187,545.0073606306379,179.72397657184067,506.4978115706982,245.0
486.944624725904,595.9191772962574,194.62927817209228,544.4525731589891,245.0
522.1864678184746,712.3025366309735,209.7742447624978,518.8165664846941,246.0
510.8328589220193,700.8570830687394,205.77837991122257,505.125077077427,246.0
506.2359710406791,674.2720922503051,196.88718201649965,512.4980650606688,246.0
407.11118141627986,563.6146002207562,210.4763652212742,454.5749317748264,247.0
402.1152557729652,561.0237654935406,216.72117677413436,453.70465249055775,247.0
414.8555590241853,597.6078572565668,228.98061273803623,453.9618766885015,247.0
428.2043633648268,559.9979384920246,186.0005992137259,460.1073367311086,248.0
411.6669101824582,539.3723526468317,181.7336414512996,446.8479119260476,248.0
423.7235040343243,553.9138341409746,184.65139876551115,457.4324019653617,248.0
423.2623483669355,589.7979698391662,208.7909293095993,449.8070304714594,249.0
421.3894442597216,596.1082733297658,215.59592671169636,446.4786563710778,249.0
422.0685728598071,608.3692467122353,216.70978716901465,437.15417038532104,249.0
447.9079034068522,528.0447908211003,215.42441369959846,565.6012706443304,250.0
475.730948793747,561.5365222431092,231.7856387656217,601.8195403186442,250.0
481.6379271683414,574.3642392278364,231.38837309166888,604.9860691840574,250.0
460.30314875155085,840.0430536145582,284.3241786083613,330.5476673000686,251.0
422.75432940682475,777.0525385416457,272.68981888464924,311.30845225734356,251.0
414.6791255417601,737.2958099454852,257.6123559965198,323.0645140816688,251.0
541.2857669757625,898.1906365041299,329.88929958248616,497.6398977467855,252.0
514.6708081814178,872.8751023938219,320.088497086298,464.22658308796014,252.0
561.598233059142,944.130944928562,335.33594783726335,499.83416813053316,252.0
412.4418001204129,692.9016378926723,305.56714106199234,453.70871018752985,253.0
457.7211857947946,790.9198519669463,354.89281153263096,509.9774348509083,253.0
444.9355325281905,754.4817531676932,339.38195156748003,500.7460926580552,253.0
538.5015370853732,978.7306862075449,397.32855502089933,500.08470236447107,254.0
598.3441877123739,1087.1880156437703,433.32952362581767,544.8391789362797,254.0
590.8461308382396,1120.159833697295,454.1510539312463,527.0394244790402,254.0
220.7583487355764,264.88776293641826,117.5923502801603,286.6272125633781,255.0
206.83010747234152,251.91514995077532,110.66270365994386,265.4849964367404,255.0
207.369229748032,249.3586665675233,112.25572073053344,269.5526857293956,255.0
712.1557451070389,1296.7321358796294,442.64867807945694,543.8829086224108,256.0
732.3068885724074,1308.6817208857096,440.9001440363148,566.2399432194392,256.0
735.0295188908362,1315.265237524795,437.13178333618725,560.2589747540621,256.0
448.4806161284757,620.6474264864393,215.60532354308762,477.82680212432837,257.0
428.78746630122635,601.656439102902,212.0005862274183,453.87349172251663,257.0
473.84262886324586,646.0768983452922,229.12605159786042,517.3580934285333,257.0
498.89965136496744,832.1539186755704,305.91996174916153,455.05464077923295,258.0
505.8708145497282,877.0487508683378,330.22189780709454,456.1045910072285,258.0
509.22215056982884,862.5025053499497,322.11026463702814,462.58176808219645,258.0
490.64878307259033,671.4541382207914,277.0787192396495,582.6208691887742,259.0
527.1693531190036,699.0291844097558,294.27240259483614,642.0341042138291,259.0
491.7798342556026,662.7563954851338,275.0332271436676,586.3725712631386,259.0
342.07053387386077,575.4316522353415,211.35076311096998,311.29186091467244,260.0
330.4750370457486,557.4153609761285,213.19316317819917,307.68346556417464,260.0
338.9303512514872,585.8455857733662,226.85242529713648,313.55736017330776,260.0
347.1040755297947,544.5344611002713,208.85490851896697,349.0430888096588,261.0
408.9695215870648,680.1575242173509,259.01773286756503,387.054604370721,261.0
366.353989112211,595.3016588106372,225.64766836947595,353.26919610070877,261.0
551.9821082463498,902.9895149262142,334.539426924482,529.6160440744584,262.0
571.0874700945438,884.9531409936494,313.77869291918057,560.3934139322153,262.0
562.72181170424,910.8098994398377,329.7750212103664,536.809688298495,262.0
391.1826417081797,461.62888888446184,192.31021143671865,511.60478005690874,263.0
380.2655100428956,454.61576756846694,183.02765517373686,485.56479323365147,263.0
385.83649974342,458.4494467455423,187.91815961633498,500.0430680520508,263.0
428.9933426462628,505.87943520538096,217.37021088545882,553.0741485003784,264.0
460.6843859744128,538.9949963924626,228.0435114332604,590.4733460442085,264.0
475.0324892754204,558.6954359649361,230.6954227363578,602.3262655058611,264.0
323.2449097199502,468.67694750115754,181.82747744156424,348.7131607847004,265.0
339.0735927550152,476.5237836198586,184.74257177982395,375.14917982078373,265.0
327.9306213337658,485.5258951609663,185.8886329765589,346.83445876743065,265.0
538.8545344379746,691.8869959723228,197.2964928636135,554.4205841122425,266.0
527.4730560941074,668.8336967534647,190.5735756724843,548.0052664315574,266.0
525.860273006009,669.3124125640381,187.0026237501432,540.3774110273107,266.0
649.0153538761466,739.6294245817755,329.71917416867814,869.8221020334955,267.0
683.8777344586176,769.9583461373838,340.02262589817934,904.4371355438312,267.0
681.7679819556846,785.5275815598235,348.8480456339666,904.9883161244029,267.0
825.9134079246165,1157.4013728739078,325.81571011186804,762.0419814694761,268.0
802.1701890169206,1119.6470612763094,326.78738350939415,758.8292124649795,268.0
772.2464081386408,1094.333724790956,328.35487858049703,731.6621899445807,268.0
480.60723106844,700.9115173804126,255.25923043201666,504.31222836444687,269.0
490.47984263919994,719.052112461534,259.841810450285,509.73869198389474,269.0
501.2918343518832,746.062367158009,268.94718732265835,516.3850687277558,269.0
683.3654714622135,975.8030064103469,345.13605611003186,706.9794668127357,270.0
749.8317553826957,1076.8298319534779,382.3081325037706,781.5604309270012,270.0
743.0287378019553,1093.182306359576,391.80159496912245,764.2958513319898,270.0
403.5868650225745,493.80470359207555,196.69431194136513,506.1234682539506,271.0
395.2745600475176,476.91305558384516,198.77076125964004,506.3484723031479,271.0
417.6524623217816,501.9448446995202,203.26886563811044,528.9133817375919,271.0
675.6725293923565,1000.8217786913629,292.3231795331274,581.7362862944578,272.0
653.1018113130201,971.0402676153896,286.40091965671377,567.1773645140945,272.0
625.1745295860749,936.2574568410206,281.82332270164255,543.9092275496155,272.0
514.6321214666817,599.2811702997823,269.08209817779766,676.3706778809285,273.0
534.0854489954021,624.2317779227805,286.3455363857518,707.3440378881003,273.0
514.4432895168584,604.7479454302551,277.5822674313333,684.3939086564543,273.0
443.8386740636465,497.65369983141943,240.38878675143394,617.8233815196364,274.0
412.731460453291,466.1397538843184,236.7185821277685,595.0753991552273,274.0
423.3216844640227,473.0291529542842,234.84825745046032,602.0746407586629,274.0
528.2227944322501,683.5394757024324,294.236796490666,662.8484262520287,275.0
525.6870557191662,671.5543990538049,292.90190137261317,671.5997425428961,275.0
526.3236124284764,680.6690335667425,291.4756100561799,660.3302993937211,275.0
610.1137647643014,814.3912556920941,349.29936322650354,758.9684815439521,276.0
568.2789247285084,780.5579122820085,328.0392196149709,688.6500888421009,276.0
602.2638130673166,833.3286070334666,349.4790266881683,725.4747913017553,276.0
589.3861206390993,653.882741809123,310.9894723617276,828.6924358928667,277.0
594.2966532839461,656.7152205278506,319.4542884540088,845.1166825975549,277.0
608.448438887156,676.8110421294615,313.96372986733104,845.3829584331463,277.0
511.3299570160539,681.0691942690846,286.21718724722666,623.3873917000849,278.0
486.6070349334911,644.7002363446959,270.1745255436218,594.3793518329541,278.0
508.0840132716785,689.9107891616756,287.0628622822339,605.6947424298339,278.0
504.6413478122653,597.1810597288835,268.36488081386113,674.8919370463803,279.0
514.5281654673861,614.4878690139394,264.86554859752573,670.5966165960715,279.0
533.9529752876717,646.3420027702199,278.1956115512519,692.5629338348026,279.0
471.98464345331683,557.6960764109223,256.6821722656512,636.3183751306341,280.0
487.59397807761314,575.2207889252782,268.07367662028975,661.5299063780368,280.0
522.1699825942588,633.4842874291969,282.8200379864478,686.2011671820857,280.0
509.4132596296741,712.638655233934,250.28761164977996,533.3489945347601,281.0
490.47313819592785,699.4873818265683,248.351117562619,510.57315701358584,281.0
512.3738429650239,700.443351204955,248.32368593927583,551.3790902869007,281.0
483.756928035844,617.3408801048466,262.87865971993267,598.5082701221057,282.0
495.4652665023561,634.4956588990633,263.61524890727236,605.3368900057957,282.0
499.7521161122984,639.4453935745643,259.5501858495622,600.6656761972429,282.0
348.5282625944085,510.2922265747096,190.604262838451,370.0830059517607,283.0
367.94210838430797,545.7055498626456,203.56641554054667,389.57492757325025,283.0
353.8064369408713,522.9441215123184,192.62956455535192,369.1385978146123,283.0
446.3848911104344,747.3933381442038,267.3853514499323,401.5363242829886,284.0
451.22230030727957,755.4392068962355,264.88939364066147,398.0157209290622,284.0
457.31760593791995,759.993086868212,268.36781898507775,409.7575381403177,284.0
497.8271633265927,629.7299599397088,247.0078100371622,597.1187799022305,285.0
501.1347324376485,625.8147370185116,250.11161298539216,610.6348019278931,285.0
517.7884263387613,648.745765544467,254.53054357311152,624.4950163696475,285.0
527.6926341725838,679.1613262203905,304.4181377784393,675.5422603727693,286.0
486.384562636443,626.2470935860146,296.81477811691224,651.4115047484423,286.0
471.22519388744837,609.6007632058911,280.2402866794997,618.796723673154,286.0
339.42768997558727,403.3381220477065,197.35638408532645,466.1315948197521,287.0
339.6197443749224,407.68366543656487,195.75620484991512,458.87552888224684,287.0
356.17370338867744,427.77114036789624,204.47101409683995,477.51212487076873,287.0
448.6881194663518,559.4137205115477,229.9391521326411,557.0906353606364,288.0
458.2330078814539,571.2782110667844,235.95537730630764,570.8104067117573,288.0
460.22707752685665,577.6848814823757,241.61337039273457,577.3242078282839,288.0
635.9336676111818,877.8563569434963,327.5886064781423,711.2585915489917,289.0
618.3692520714557,892.5959503000203,317.2441633673541,649.5951262038614,289.0
641.3388125060586,875.0614341550287,327.86195052107536,726.5809272138114,289.0
551.7111753533914,812.3017885594807,297.50464248637616,578.6688020096458,290.0
554.4777248719662,832.2334894992639,294.98972486423315,558.6726184733234,290.0
549.4022986792568,827.826339063216,295.3248267835378,552.1122639975207,290.0
416.86879026922753,512.8214558147329,198.27622175698977,506.40208437884206,291.0
387.2313117110703,452.8563222610737,189.83725200638486,498.16593236224935,291.0
412.01443578024185,487.666573158373,198.5031769311255,521.7739373759006,291.0
396.7543693334349,515.2416677677521,216.6611823755454,487.4135149822308,292.0
405.67496356653317,523.3694188783456,220.5501195478883,506.39924268987755,292.0
394.6705550754566,509.2635745571599,216.5847530082936,491.0306466109737,292.0
439.90650967964064,493.68699874691936,223.27920739288015,600.8368972426483,293.0
441.15791496544716,494.1736433959156,220.1613740168834,599.3101209385687,293.0
438.16042345996834,494.8948739505318,221.2076192950828,595.0992079938756,293.0
577.9554500858507,680.0612595336381,261.35050084171104,712.8094040415843,294.0
567.9480249754761,654.7209846316521,256.32005280725576,711.5438707538787,294.0
540.0735676622672,637.8536202578013,244.33402527225843,661.5341988532098,294.0
501.2011872155253,626.4022503233422,239.7775986579059,604.3363139275574,295.0
532.400245417075,662.9779643078781,247.99787237105383,634.621944950138,295.0
518.3830598384666,647.7272625448277,247.18402642963017,622.9262931737853,295.0
411.26203202411335,514.0653448492474,201.543606907554,505.99262833824207,296.0
422.2455063951533,521.5000983045858,205.814472297132,525.3121252736919,296.0
395.4999238568926,495.366056890401,192.31796108319685,484.7167720451691,296.0
459.8241439605359,606.0565601270806,213.30648243714387,505.0316262767087,297.0
466.7403728028563,606.2243001995548,219.14766158798372,525.0957732844464,297.0
472.7529945981131,618.6893525060683,225.85867310615055,529.4489386990537,297.0
512.189729686536,636.8865758750798,273.1377648632746,657.0726185723665,298.0
500.6882556922402,639.0571518350624,275.6071136882242,640.1683320550461,298.0
474.09612291924003,592.9569589215224,262.59700637244094,613.6405905251304,298.0
585.5709202101767,940.6255864814544,336.4287915935603,541.0476820364895,299.0
551.2260143753448,879.1292150381546,320.00860944876933,518.5372015867642,299.0
597.5537614235268,963.6696499528142,349.23535522765434,562.5726699738634,299.0
433.530707128508,566.0038208938257,269.5712191604326,580.1600094747514,300.0
437.4529396061485,574.9000315658706,272.68711324256026,586.3324281886157,300.0
464.27389053933774,603.9135630381799,285.2829705626593,618.5811995992841,300.0
594.9007586375207,681.1641816215131,244.77634834932454,722.1078700178975,301.0
573.8793445994734,830.9502294847587,280.9886836438863,567.9558751657588,301.0
554.9403613715522,798.401148577753,273.284119354699,555.029811761648,301.0
329.110013634377,382.97793855029323,166.6105807725666,432.30572325527334,302.0
349.0541588111228,394.93713733973505,175.8000426141883,470.7913279108747,302.0
325.7172303211214,369.83169571738404,166.92673898545905,440.80596257267405,302.0
387.74414084619127,495.5471847173487,166.92825269199588,427.3740384514116,303.0
357.243631166499,460.9608989735089,159.01978328980883,395.2221122584899,303.0
364.86856329837974,462.0761573325464,160.09870880970954,406.92503234756856,303.0
895.9717796347162,1348.4150874725613,363.31113695615744,729.1299801114217,304.0
953.3735402631203,1439.3666832580304,377.205455526828,759.80504072272,304.0
942.1764663888484,1434.205078689004,376.4248775358426,742.2840805701106,304.0
482.1160010102829,766.0737682100117,273.83956595092434,458.47970315481405,305.0
409.170718853703,639.1058973297321,241.2473708088113,416.9447654659478,305.0
460.55775205180447,755.3905999105679,268.0149564359587,426.80938853646865,305.0
534.7061757542127,662.3171450718047,219.951420342544,598.7792257011514,306.0
557.6984150945888,706.7644969110177,245.89110584424455,629.0136334782618,306.0
545.8223966476846,678.2114224659471,232.3471369316711,617.8607032932656,306.0
373.80032752222576,577.1159524373729,194.70236319512796,346.3662651902858,307.0
403.17199190881996,639.2713181064639,217.81855828752626,367.45351004652866,307.0
413.6091786019112,653.2682634723833,226.4322287946575,378.76720631076034,307.0
419.7816332851585,519.1868383687981,191.89357332922248,495.2712166609483,308.0
436.43527312787216,542.8437049860364,193.87655177381174,506.3561625126058,308.0
449.84323198083035,573.6425379372797,195.45908393507779,502.8534304317474,308.0
529.1054519845959,697.6353643453523,228.96332088007995,559.7603330430574,309.0
554.140860866267,756.0028276540743,251.81967787430563,576.2801956781065,309.0
566.7480252814539,753.4987265268373,252.54995380950982,602.8888758486015,309.0
322.49079895043394,405.10808476357397,172.8093648556847,407.63085593758956,310.0
307.72930010519264,386.2470882948983,161.4388671992729,384.5075388442249,310.0
321.6571724475186,401.01984631943,171.5231437780771,405.18416557997244,310.0
410.734647102098,669.864286125198,281.68161739561725,440.2174816522679,311.0
402.76863832753696,652.9759582035707,282.01626611389355,448.51807916503606,311.0
431.70296130931797,721.9961789060104,313.22826250296475,470.98170383567566,311.0
475.33190906500874,652.667605310694,220.3193013217276,494.71852700396727,312.0
457.0888624765269,656.76215843649,217.99109937206816,452.2546704599776,312.0
437.58111317609126,641.0701380224003,218.54256786708913,434.64828169696,312.0
474.4884869878081,664.5169839564153,241.3135164283079,515.9279410933443,313.0
420.0881034751575,606.8661337607605,230.76584497432316,459.7807220337447,313.0
475.07539701733623,665.8128099539746,240.5483029661861,511.6776634735562,313.0
530.539126931368,714.1272452247525,222.3387538795504,539.9169269162455,314.0
538.2291524728682,736.993732904681,232.70322378240888,541.4590446061395,314.0
555.2994954858092,750.6602594821208,233.61471477538893,560.2631910515195,314.0
710.5404859373448,879.5222247233481,331.4861730220898,854.7585803310058,315.0
689.8334327833709,853.0997335717851,325.68621699193693,838.0663660312426,315.0
638.4643402911744,771.6831298589223,299.98535162162807,792.6234639348509,315.0
